DepAirportCode,ArrAirportCode,International_Domestic,GCD,POSTI_TOT,frequenza_tot
ADD,JIB,International,555,768,8
LLW,NBO,International,1427,2304,24
AMS,MAN,International,484,8204,58
MRU,PER,International,5884,2184,8
AUH,AMM,International,1997,13050,60
KGL,NBO,International,756,4393,44
EBB,CAI,International,3344,1152,8
AMS,ATH,International,2179,5766,31
AMS,TRF,International,837,5456,62
VFA,CPT,International,1904,1317,13
LYS,CDG,Domestic,410,11976,62
TLS,AMS,International,995,3100,31
AUH,KHI,International,1262,4080,30
CDG,RNS,Domestic,328,2994,31
AMS,ABZ,International,702,10530,93
JUB,NBO,International,904,2976,31
CDG,ZRH,International,475,11326,86
VIE,AMS,International,959,17298,93
NBO,EDL,Domestic,267,6474,83
AMS,MXP,International,797,19632,123
CDG,MAN,International,587,15312,88
CDG,LIN,International,644,8532,58
ABJ,DSS,International,1777,2320,16
CDG,BHX,International,486,8060,59
CAI,KRT,International,1619,4464,31
ZNZ,NBO,International,600,4340,62
LHE,AUH,International,2089,5902,31
CTA,AMS,International,1833,1312,8
CDG,CPH,International,1004,10923,81
NBO,BGF,International,2139,1728,18
EDL,NBO,Domestic,267,6942,89
CDG,BIO,International,758,8003,61
AMS,TRN,International,816,5636,62
UKA,NBO,Domestic,441,3510,45
NBO,LOS,International,3829,6351,44
NBO,AUH,International,3439,4080,30
AMS,KRS,International,687,2376,27
NBO,KGL,International,756,4833,49
SGN,BKK,International,716,15934,62
NBO,BLZ,International,1608,546,7
NBO,POL,International,1355,1025,8
MPM,POL,Domestic,1659,1025,8
CDG,BSL,International,399,1672,22
HUY,AMS,International,369,2288,26
DLA,NBO,International,3077,1152,12
AMS,BLL,International,476,15588,124
AMS,BLQ,International,988,9416,93
JIB,ADD,International,555,288,3
MBA,NBO,Domestic,420,25039,257
MWZ,JRO,Domestic,473,2170,31
KRT,NBO,International,1938,2016,21
LHR,AMS,International,367,19278,116
AMS,BOD,International,922,4402,31
VFA,NBO,International,2221,1317,13
BKO,DSS,International,1012,1508,13
AMS,AAL,International,623,6100,61
NLA,NBO,International,1584,1984,18
NBO,HRE,International,1951,5094,51
AMS,LCY,International,333,7300,73
BJM,KGL,International,174,1337,13
MPM,NBO,International,2773,1748,18
WDH,JNB,International,1164,10416,93
AUH,DMM,International,538,12376,91
JFK,PHX,Domestic,3455,3960,22
CDG,BCN,International,858,11776,62
AMS,BHD,International,747,2728,31
SVG,AMS,International,731,9156,93
HAN,BKK,International,993,12571,62
AUH,MCT,International,378,4080,30
CDG,BIQ,Domestic,689,3100,31
CDG,WAW,International,1342,13993,92
DAR,NBO,International,666,14736,151
BOM,NBO,International,4530,9613,62
BHD,AMS,International,747,2728,31
AMS,SVO,International,2144,11532,62
NBO,DAR,International,666,14736,151
JFK,NBO,International,11829,5148,22
SEZ,NBO,International,2097,3305,30
CDG,TXL,International,850,10614,61
DUS,AMS,International,179,8356,91
NBO,FIH,International,2408,4205,29
BCN,CDG,International,858,17360,93
GRJ,JNB,Domestic,1040,19278,102
NBO,KRT,International,1938,2016,21
AMS,EDI,International,665,16954,93
NBO,ABJ,International,4590,2320,16
DLA,COO,International,851,1152,12
DAR,AMS,International,7339,4752,18
NBO,MPM,International,2773,1748,18
NBO,JRO,International,233,2496,26
ALG,CDG,International,1370,5377,31
JFK,MIA,Domestic,1756,4066,22
DUB,CDG,International,784,12727,91
AGP,AMS,International,1881,1136,8
AMS,CPH,International,632,23088,124
KUL,AUH,International,5584,8970,30
CDG,CFE,Domestic,360,4852,61
AMS,IST,International,2182,4402,31
AMS,LIN,International,830,4402,31
HAN,KUL,International,2100,5481,27
PVG,BKK,International,2895,7130,31
BSL,AMS,International,558,11500,124
NTE,CDG,Domestic,369,9627,62
ATH,CDG,International,2107,8866,62
LYS,AMS,International,731,12430,93
NBO,AMS,International,6672,7254,31
ZRH,CDG,International,475,7610,58
GVA,AMS,International,681,10602,93
HAH,TNR,International,922,1683,16
JRO,DAR,Domestic,449,4752,18
NBO,DLA,International,3077,1152,12
CGK,BKK,International,2295,5022,31
MAD,AMS,International,1456,11532,62
MUC,AMS,International,663,14260,92
AMS,NWI,International,238,2526,27
NBO,BKO,International,5182,1508,13
AMS,GOA,International,927,2640,30
AMS,JRO,International,6896,4752,18
BRU,AMS,International,156,13750,123
MAN,AMS,International,484,10230,62
NBO,LAD,International,2752,384,4
LBA,AMS,International,460,5728,61
ORD,JFK,Domestic,1188,1540,22
CFE,CDG,Domestic,360,4732,61
CAI,EBB,International,3344,1296,9
AES,AMS,International,1141,2776,31
TLS,CDG,Domestic,602,12288,66
CDG,NBO,International,6490,6111,22
ZRH,AMS,International,602,13100,93
CDG,TLS,Domestic,602,12584,66
JIB,NBO,International,1585,768,8
NBO,MGQ,International,1001,1550,31
FNA,ROB,International,407,1885,13
DUS,CDG,International,393,5700,57
JNB,DUR,Domestic,476,19278,102
MGQ,WJR,International,597,600,12
AMS,BIO,International,1149,4066,31
COO,DLA,International,851,1152,12
CDG,FRA,International,449,7076,77
JRO,MWZ,Domestic,473,2170,31
AMS,DUS,International,179,8356,91
AMS,TLV,International,3310,5828,31
CDG,ABZ,International,962,4428,57
MXP,AMS,International,797,19060,123
CAI,DAR,International,4192,1728,12
LAD,BZV,International,557,384,4
ACC,ROB,International,1127,2610,18
NLA,FBM,International,198,1546,12
OSL,CDG,International,1357,5698,31
FRA,AMS,International,367,7518,66
BIO,CDG,International,758,4061,31
HRE,WDH,International,1506,385,9
LVI,NBO,International,2197,1632,17
BOD,AMS,International,922,4930,31
LHR,NBO,International,6835,7254,31
AMS,FLR,International,1057,7800,78
ELS,JNB,Domestic,768,10962,58
JNB,CPT,Domestic,1268,30429,161
BLZ,NBO,International,1608,546,7
CPH,AMS,International,632,15934,93
LIN,AMS,International,830,4402,31
MCT,AUH,International,378,4080,30
NBO,KIS,Domestic,280,12240,132
FBM,NLA,International,198,1984,18
CDG,VCE,International,835,6065,43
NBO,NSI,International,2873,1248,13
KRT,CAI,International,1619,4464,31
BSL,CDG,International,399,3100,31
EBB,BGF,International,1619,1152,12
OSL,AMS,International,958,11738,93
LHR,CDG,International,346,12696,77
KGL,EBB,International,338,8800,31
AMS,FCO,International,1296,23088,124
BLL,AMS,International,476,13392,93
PUF,CDG,Domestic,665,5469,62
ATH,AMS,International,2179,5766,31
BRE,AMS,International,283,2728,31
POL,MPM,Domestic,1659,864,8
RNS,CDG,Domestic,328,2356,31
CDG,ARN,International,1539,16062,91
BES,CDG,Domestic,512,4061,31
MRS,CDG,Domestic,650,11275,70
CLT,JFK,Domestic,871,1140,15
BRS,AMS,International,521,9200,92
ARN,AMS,International,1152,20784,120
AMS,BHX,International,439,15972,96
CAN,SYD,International,7524,15510,55
KHI,AUH,International,1262,4080,30
AUH,MEL,International,11644,8970,30
AMS,DUB,International,748,9134,89
DEN,JFK,Domestic,2609,1760,11
LBV,NSI,International,435,864,9
AMS,VIE,International,959,16954,93
MEL,AUH,International,11644,8970,30
DSS,ABJ,International,1777,2320,16
CDG,FCO,International,1099,11406,59
AAL,AMS,International,623,6100,61
EBB,NBO,International,520,3432,44
PER,CAN,International,6154,3626,14
CDG,MUC,International,681,15852,105
CDG,EDI,International,867,3930,30
BOD,CDG,Domestic,525,11036,62
AUH,LHE,International,2089,5380,30
PHX,JFK,Domestic,3455,1980,11
CDG,LHR,International,346,16991,108
NCE,CDG,Domestic,694,12930,66
AMS,LPI,International,958,7996,85
AMS,HEL,International,1521,17344,93
FNA,ACC,International,1473,2610,18
SVO,DXB,International,3710,4898,31
NBO,MBA,Domestic,420,25039,257
WAW,CDG,International,1342,13931,92
BIO,AMS,International,1149,4066,31
NBO,LUN,International,1811,6660,62
CAN,NBO,International,8673,2313,9
CAN,BKK,International,1704,7254,31
NBO,ZNZ,International,600,5568,58
GOA,AMS,International,927,2640,30
KIS,NBO,Domestic,280,12240,132
NBO,MYD,Domestic,410,3510,45
CDG,MPL,Domestic,612,4061,31
CPT,VFA,International,1904,1317,13
GLA,AMS,International,716,11594,62
LVI,CPT,International,1931,1632,17
BZV,LAD,International,557,864,9
JRO,NBO,International,233,6160,88
WDH,CPT,International,1281,1147,31
AUH,BAH,International,452,12396,90
JFK,RDU,Domestic,686,1672,22
BKO,NBO,International,5182,1508,13
NBO,CAN,International,8673,2261,9
TUN,CDG,International,1485,4433,31
DLA,BGF,International,975,1728,18
FIH,NBO,International,2408,5261,40
NBO,TNR,International,2255,4350,41
AMS,GRZ,International,967,352,4
AMS,VCE,International,937,11932,66
AMS,LBA,International,460,8468,92
BNE,AUH,International,12004,8970,30
DUB,AMS,International,748,8852,89
NBO,JUB,International,904,2976,31
NSI,LBV,International,435,1248,13
NBO,JNB,International,2910,17111,91
APL,NBO,International,1553,1728,18
BLQ,CDG,International,830,12224,88
CDG,OSL,International,1357,5394,31
ROB,FNA,International,407,2610,18
MRU,DAR,International,2494,528,4
AMS,GVA,International,681,14418,124
FCO,AMS,International,1296,23088,124
NBO,UKA,Domestic,441,3510,45
TXL,CDG,International,850,16554,93
NBO,ACC,International,4186,4495,31
NBO,EBB,International,520,18808,192
FRA,CDG,International,449,5500,55
BKK,HKG,International,1687,13848,52
AUH,BNE,International,12004,8970,30
AUH,KWI,International,850,8296,61
NBO,DZA,International,1572,1756,14
DSS,BKO,International,1012,1508,13
MYD,NBO,Domestic,410,3510,45
AMS,TXL,International,578,18686,120
BZV,FIH,International,24,1248,13
MEL,CAN,International,7543,16356,58
CAI,NBO,International,3541,2736,19
ICN,BKK,International,3666,10478,31
AMM,AUH,International,1997,13050,60
MCO,JFK,Domestic,1521,4011,21
AMS,NCE,International,977,4402,31
MGQ,NBO,International,1001,950,19
MRU,NBO,International,3096,660,5
AMS,GLA,International,716,5766,31
BGO,AMS,International,887,11532,62
CDG,GVA,International,407,24080,145
ZNZ,DAR,Domestic,71,4060,58
KUL,HAN,International,2100,6293,31
AUH,JED,International,1613,12772,31
BGF,EBB,International,1619,1152,12
ADD,NBO,International,1160,6559,59
ABZ,CDG,International,962,4548,57
AMS,BRS,International,521,9200,92
DXB,SVO,International,3710,4898,31
NBO,MRU,International,3096,1188,9
AMS,BCN,International,1241,11532,62
KGL,BJM,International,174,1777,18
BKK,PVG,International,2895,7130,31
HAH,NBO,International,1333,1636,15
AMS,FRA,International,367,12314,119
MPL,AMS,International,970,400,4
TXL,AMS,International,578,15590,93
AMS,BSL,International,558,8556,93
NBO,BZV,International,2427,2112,22
EDI,CDG,International,867,7991,61
AMS,MAD,International,1456,21876,124
LOS,NBO,International,3829,6351,44
NBO,BOM,International,4530,9524,62
BKK,ICN,International,3666,10478,31
CWL,AMS,International,563,5224,58
MIA,JFK,Domestic,1756,4202,22
CDG,PUF,Domestic,665,2945,31
LBV,NBO,International,3064,1248,13
CAN,MEL,International,7543,16356,58
TNR,NBO,International,2255,6129,58
JFK,YYZ,International,587,1216,16
NBO,CPT,International,4096,3045,21
RUH,AUH,International,806,5640,30
VIE,CDG,International,1035,6002,31
NBO,JFK,International,11829,5148,22
TRF,AMS,International,837,5600,62
HKG,BKK,International,1687,22955,84
BHX,CDG,International,486,2728,28
TRN,AMS,International,816,5456,62
MAD,CDG,International,1061,17338,92
DUR,JNB,Domestic,476,23625,125
CAN,DXB,International,5824,11160,31
ABJ,NBO,International,4590,2320,16
AUH,RUH,International,806,5828,31
GRZ,AMS,International,967,2728,31
CDG,MXP,International,597,3799,29
PER,MRU,International,5884,2457,9
AMS,OSL,International,958,13864,120
CPH,CDG,International,1004,8151,57
GOT,CDG,International,1156,2932,31
BLL,CDG,International,871,4256,56
CPT,LVI,International,1931,1632,17
IST,AMS,International,2182,4402,31
NBO,ADD,International,1160,6943,63
NBO,BJM,International,872,3209,37
BGF,NBO,International,2139,1728,18
ACC,FNA,International,1473,1885,13
DZA,NBO,International,1572,1756,14
JNB,GRJ,Domestic,1040,14931,79
JNB,NBO,International,2910,17111,91
CDG,TUN,International,1485,4612,29
CDG,DUS,International,393,9752,110
BZV,NBO,International,2427,384,4
ARN,CDG,International,1539,10788,62
VCE,AMS,International,937,11932,66
DXB,NBO,International,3557,8839,45
NCL,AMS,International,520,14930,93
NBO,NLA,International,1584,1546,12
NCL,CDG,International,729,3100,31
ABZ,AMS,International,702,14944,113
CDG,BES,Domestic,512,5518,31
AMS,MPL,International,970,400,4
NBO,DXB,International,3557,8750,45
DXB,CAN,International,5824,11160,31
CDG,BOD,Domestic,525,20150,124
AMS,LED,International,1772,11472,62
BGF,DLA,International,975,1728,18
NBO,LHR,International,6835,7254,31
HRE,NBO,International,1951,6564,61
AMS,HUY,International,369,2376,27
CDG,GOT,International,1156,3000,30
HEL,AMS,International,1521,20068,120
NBO,BKK,International,7219,7254,31
AMS,BRU,International,156,13942,123
AMS,ZRH,International,602,16238,120
CDG,VIE,International,1035,11195,58
YYZ,JFK,International,587,1596,21
MME,AMS,International,475,2640,30
LUN,NBO,International,1811,5190,52
GOT,AMS,International,763,12650,119
NBO,CDG,International,6490,6111,22
BKK,NBO,International,7219,7254,31
AMS,AGP,International,1881,568,4
LCY,AMS,International,333,7900,79
ACC,NBO,International,4186,4495,31
LUN,HRE,International,402,4068,35
NBO,SEZ,International,2097,3209,29
NBO,CAI,International,3541,4464,31
JFK,ORD,Domestic,1188,1672,22
CDG,NCE,Domestic,694,12658,66
EBB,AMS,International,6354,8800,31
FLR,AMS,International,1057,9300,93
AMS,BGO,International,887,13052,93
NBO,VFA,International,2221,1317,13
FBM,NBO,International,1540,1546,12
BKK,CAN,International,1704,7254,31
AMS,KGL,International,6482,8800,31
AMS,GOT,International,763,14232,120
AMS,TLS,International,995,5428,58
CDG,AMS,International,398,33631,207
NBO,HAH,International,1333,3560,33
CDG,DUB,International,784,2945,31
EDI,AMS,International,665,11188,62
KIS,EDL,Domestic,77,468,6
NSI,NBO,International,2873,864,9
BLQ,AMS,International,988,9644,93
AMS,CTA,International,1833,1312,8
LPI,AMS,International,958,8176,85
JED,AUH,International,1613,27690,90
MPL,CDG,Domestic,612,5518,31
AMS,LYS,International,731,11580,93
AMS,NBO,International,6672,7254,31
CAN,PER,International,6154,3626,14
AMS,MME,International,475,5368,61
DMM,AUH,International,538,12240,90
NBO,LBV,International,3064,864,9
CDG,NTE,Domestic,369,8542,62
JFK,MCO,Domestic,1521,4202,22
CDG,ALG,International,1370,8952,56
SYD,AUH,International,12052,14940,30
LAD,NBO,International,2752,864,9
KWI,AUH,International,850,8160,60
SYD,CAN,International,7524,15510,55
CPT,WDH,International,1281,1147,31
BIQ,CDG,Domestic,689,6200,62
NBO,LVI,International,2197,1632,17
LLW,APL,International,608,1728,18
POL,NBO,International,1355,1025,8
AMS,TRD,International,1289,8800,88
NBO,JIB,International,1585,288,3
MXP,CDG,International,597,4061,31
AMS,ARN,International,1152,20842,120
CDG,LYS,Domestic,410,16554,93
JNB,ELS,Domestic,768,10962,58
NBO,LLW,International,1427,4128,43
NBO,FBM,International,1540,1984,18
WDH,HRE,International,1506,385,9
AMS,SVG,International,731,8256,84
BAH,AUH,International,452,12396,90
AMS,CDG,International,398,34579,202
JFK,CMH,Domestic,774,69,1
BKK,CGK,International,2295,10044,62
LED,AMS,International,1772,9810,62
VCE,CDG,International,835,12927,93
AMS,MUC,International,663,19864,123
AMS,LHR,International,367,35482,227
WJR,NBO,Domestic,478,600,12
AUH,SYD,International,12052,14940,30
CPT,JNB,Domestic,1268,25704,136
DAR,ZNZ,Domestic,71,4340,62
BKK,HAN,International,993,12571,62
CDG,MRS,Domestic,650,12274,70
TRD,AMS,International,1289,8656,88
ROB,ACC,International,1127,1885,13
GVA,CDG,International,407,14297,85
CDG,BLL,International,871,2280,30
CDG,NCL,International,729,7006,62
AUH,NBO,International,3439,4080,30
SVO,AMS,International,2144,11570,62
CPT,NBO,International,4096,3045,21
HRE,LUN,International,402,2598,25
AMS,NCL,International,520,5766,31
JNB,WDH,International,1164,10416,93
RDU,JFK,Domestic,686,1672,22
BCN,AMS,International,1241,11594,62
CAI,IST,International,1262,2592,18
MUC,CDG,International,681,14778,90
CMH,JFK,Domestic,774,69,1
AMS,CWL,International,563,5476,58
BKK,SGN,International,716,12586,62
CDG,BLQ,International,830,7791,57
BHX,AMS,International,439,15404,92
TLV,AMS,International,3310,5828,31
IST,CAI,International,1262,1513,19
JFK,CLT,Domestic,871,1540,22
FCO,CDG,International,1099,18212,92
CDG,MAD,International,1061,11966,62
BJM,NBO,International,872,3649,42
AUH,KUL,International,5584,8970,30
