DepAirportCode,ArrAirportCode,InternationalDomestic,posti
BIO,CDG,International,3964
ARN,AMS,International,17830
JRO,NBO,International,5772
CDG,FRA,International,4452
HEL,AMS,International,13568
ABZ,LHR,Domestic,1884
FCO,REG,Domestic,4310
BRS,AMS,International,6900
FCO,BDS,Domestic,5270
ABZ,AMS,International,16538
FCO,PMO,Domestic,9692
ACC,ROB,International,1885
EBB,NBO,International,11669
DLA,NBO,International,1011
HAJ,CDG,International,2080
LHR,NBO,International,10296
EBB,BGF,International,864
CLT,JFK,Domestic,2660
AMS,GOT,International,11836
AMS,MME,International,1936
CDG,NBO,International,7254
BGF,DLA,International,1011
CPH,AMS,International,22054
CDG,NCL,International,4900
FCO,LHR,International,5262
ROC,JFK,Domestic,1444
JFK,IND,Domestic,2888
MBA,EDL,Domestic,1170
FRA,AMS,International,10460
NBO,KIS,Domestic,18805
NBO,LHR,International,10530
OSL,AMS,International,15284
DEN,JFK,Domestic,2860
AMS,SVG,International,13400
DXB,NBO,International,8249
AMS,LYS,International,14340
CDG,GOT,International,3100
JRO,ZNZ,Domestic,2170
NBO,JFK,International,4446
FCO,TRS,Domestic,4637
BJM,NBO,International,3074
YUL,JFK,International,1444
CDG,ALG,International,11023
CDG,MXP,International,9394
AMS,VIE,International,18330
NBO,MRU,International,4348
GOT,AMS,International,12956
CAI,IST,International,13476
CDG,DUB,International,3782
FCO,BRI,Domestic,5270
TRN,FCO,Domestic,5342
CDG,LIS,International,16669
CDG,STR,International,288
VCE,FCO,Domestic,10213
AMS,FLR,International,9300
DUS,CDG,International,8756
DAR,JRO,Domestic,3660
NCL,LHR,Domestic,3809
RUH,DXB,International,9649
NBO,CPT,International,1694
AMS,STR,International,12808
ACC,NBO,International,5800
AMS,OTP,International,11678
AMS,TLV,International,5630
AMS,MPL,International,400
EDI,LHR,Domestic,1552
JFK,YYZ,International,2888
CTA,FCO,Domestic,10672
LIS,CDG,International,10970
ZNZ,DAR,Domestic,3850
DUS,AMS,International,10956
DAR,NBO,International,9843
AMS,NBO,International,5850
JFK,NBO,International,4446
MRS,CDG,Domestic,5660
BCN,CDG,International,7040
GRZ,AMS,International,4400
NBO,BJM,International,3074
HAM,CDG,International,2254
CDG,TRN,International,3052
MRU,NBO,International,4252
CDG,DUS,International,7396
CDG,EDI,International,5500
CDG,OPO,International,592
JNB,HRE,International,4691
CDG,BGO,International,3704
NBO,DXB,International,8338
AMS,ARN,International,18152
ZRH,AMS,International,16238
NBO,VFA,International,1834
AES,AMS,International,1702
CDG,NUE,International,2544
OTP,AMS,International,3492
AMS,CPH,International,23006
LBA,AMS,International,4864
LIS,AMS,International,6996
VCE,CDG,International,13116
NCL,AMS,International,13620
MXP,AMS,International,2916
JFK,DEN,Domestic,5980
MUC,AMS,International,10894
LAU,MBA,Domestic,78
AMS,LPI,International,5690
BSL,AMS,International,9850
NBO,LUN,International,4389
IST,AMS,International,3242
NBO,JUB,International,2976
AMS,MXP,International,3460
AMS,ATH,International,9352
NWI,AMS,International,6916
AMS,TRF,International,4426
AMS,GRZ,International,2200
CDG,OTP,International,4770
MAN,AMS,International,10310
JUB,NBO,International,2976
MIA,JFK,Domestic,3164
CAI,NBO,International,4630
ADD,NBO,International,3221
AMS,VCE,International,12318
KGL,NBO,International,5813
AMS,ALC,International,800
TRN,CDG,International,2628
DUB,AMS,International,11676
AMS,NCE,International,10522
JFK,DFW,Domestic,2238
ORF,JFK,Domestic,1444
APL,NBO,International,2976
ATH,CDG,International,5394
LVI,CPT,International,962
LHR,AMS,International,19640
TNR,NBO,International,3846
STR,AMS,International,4900
NBO,EDL,Domestic,6864
AMS,FRA,International,13456
AMS,TRN,International,4192
BLQ,CDG,International,11446
NUE,CDG,International,2400
HAM,AMS,International,6104
PRG,AMS,International,7162
CDG,BCN,International,4160
UKA,NBO,Domestic,4914
ROB,ACC,International,1885
NBO,JNB,International,19198
CDG,BSL,International,4388
REG,FCO,Domestic,4310
LJU,CDG,International,4000
AMS,MAD,International,17630
MYD,NBO,Domestic,5382
FLR,CDG,International,12183
VLC,AMS,International,2350
VFA,NBO,International,1834
CDG,WAW,International,7886
LLW,NBO,International,384
AMS,BOD,International,8082
VIE,AMS,International,18204
LOS,NBO,International,5652
NBO,BOM,International,8990
NBO,CAN,International,3042
AMS,LCY,International,12100
AMS,BRS,International,6742
JFK,SFO,Domestic,5712
NBO,JRO,International,5772
NBO,ABJ,International,1885
NLA,NBO,International,1201
CPT,JNB,Domestic,4419
CDG,BHX,International,7478
BOM,NBO,International,8990
AMS,CDG,International,27676
LUN,JNB,International,3425
TLV,AMS,International,6092
AMS,TRD,International,3854
SYR,JFK,Domestic,1444
DXB,MBA,International,2610
CDG,HAJ,International,2788
AMS,BHX,International,14710
AMS,IST,International,3882
RUH,JED,Domestic,12389
NBO,UKA,Domestic,4914
AMS,AGP,International,6518
AMS,AAL,International,9922
HUY,AMS,International,6028
GOM,NBO,International,1404
BRI,FCO,Domestic,10068
AMS,NCL,International,12982
ATH,AMS,International,9352
BGF,EBB,International,864
CDG,MAD,International,11151
BLL,AMS,International,13088
AMS,MUC,International,14610
JFK,CMH,Domestic,2888
AMS,LHR,International,27584
JFK,MIA,Domestic,6328
CDG,MRS,Domestic,5500
TNR,RUN,International,3432
NBO,LLW,International,3360
OTP,CDG,International,4232
BHX,CDG,International,7478
CDG,ARN,International,11768
NBO,EBB,International,11669
TRD,AMS,International,6500
AMS,BGO,International,12738
RDU,JFK,Domestic,2562
CDG,BLL,International,3500
DFW,JFK,Domestic,2163
JED,NBO,International,298
NLA,FBM,International,1344
LHR,NCL,Domestic,2989
PRG,CDG,International,5394
CDG,BLQ,International,11808
MUC,CDG,International,9698
OPO,CDG,International,592
TRN,AMS,International,3928
YYZ,JFK,International,2888
NBO,DAR,International,10467
NBO,ADD,International,3221
INV,LHR,Domestic,635
NBO,FIH,International,3760
ABJ,NBO,International,1885
AMS,OSL,International,15948
VCE,AMS,International,9422
BCN,AMS,International,15892
BHX,AMS,International,15438
AGP,AMS,International,4762
AMS,BHD,International,2350
WAW,AMS,International,5202
PER,MRU,International,2592
AMS,TLS,International,4912
BLL,CDG,International,4800
AMS,EDI,International,11042
CPT,LVI,International,962
AMS,GVA,International,17232
DUB,CDG,International,9636
FCO,SUF,Domestic,5270
GOA,FCO,Domestic,10540
BER,AMS,International,11582
NAP,CDG,International,6128
FLR,AMS,International,10250
LIN,AMS,International,11382
LHR,FCO,International,5268
AMS,SOU,International,4572
MBA,NBO,Domestic,44263
AMS,NWI,International,7356
KRT,CAI,International,2880
LUN,HRE,International,3141
NBO,SEZ,International,1873
LVI,NBO,International,962
SUF,FCO,Domestic,10726
HRE,LUN,International,1875
JFK,ORD,Domestic,2888
AMS,LBA,International,6208
AMS,ZRH,International,17734
NBO,DLA,International,1011
HRE,NBO,International,4389
ZRH,CDG,International,16777
JNB,LUN,International,3425
DXB,JED,International,9818
JNB,DUR,Domestic,9384
IST,CAI,International,13627
CDG,AMS,International,31822
OSL,CDG,International,10826
LCY,AMS,International,10050
DLA,BGF,International,1011
JFK,BOS,Domestic,1444
BOD,AMS,International,2772
NCL,CDG,International,4800
TRS,FCO,Domestic,4800
CDG,VCE,International,9510
BUD,CDG,International,5832
JFK,YUL,International,2888
NBO,CAI,International,4764
NBO,NLA,International,1344
CDG,FLR,International,8208
AMS,BRE,International,6812
BLQ,AMS,International,10928
MME,AMS,International,1936
LLW,APL,International,2976
LHR,CDG,International,22012
BRE,AMS,International,4576
CDG,NAP,International,5842
EDI,AMS,International,14534
PHX,JFK,Domestic,3420
AMS,BRU,International,11728
AMS,FCO,International,30766
KRS,AMS,International,3670
BIO,AMS,International,8304
ACC,FNA,International,2610
NBO,DZA,International,1681
LUN,NBO,International,3123
NBO,CDG,International,7254
NBO,MBA,Domestic,41767
MXP,CDG,International,6436
JFK,PHX,Domestic,900
VIE,CDG,International,4447
NBO,LAU,Domestic,2496
BER,CDG,International,1756
AMS,KRS,International,3090
CDG,LHR,International,13772
GOT,CDG,International,3052
NBO,FBM,International,1201
SEZ,NBO,International,1873
NBO,LVI,International,962
LYS,AMS,International,14262
RUH,MED,Domestic,885
DUR,JNB,Domestic,11730
FBM,NLA,International,1201
JED,DXB,International,8784
BOS,JFK,Domestic,1444
GLA,AMS,International,6532
NBO,MYD,Domestic,7800
ARN,CDG,International,11054
AMS,BER,International,14636
NCE,AMS,International,8556
CDG,TUN,International,696
AMS,DUS,International,11328
AMS,HEL,International,13378
JFK,ORF,Domestic,1444
CPT,NBO,International,1790
HRE,JNB,International,4691
DAR,ZNZ,Domestic,1680
JFK,RDU,Domestic,2888
LAU,NBO,Domestic,2418
SFO,JFK,Domestic,4032
DSS,ACC,International,1305
ALC,AMS,International,800
FCO,GOA,Domestic,9139
BUF,JFK,Domestic,1444
CDG,VIE,International,4784
TUN,CDG,International,1056
JRO,DAR,Domestic,1490
AMS,HUY,International,2186
IAD,JFK,Domestic,1748
FBM,NBO,International,1344
ORD,JFK,Domestic,1444
CDG,GVA,International,18698
MBA,DXB,International,2610
GOA,AMS,International,2200
EDL,KIS,Domestic,780
BRU,AMS,International,6920
AAL,AMS,International,7492
LIN,CDG,International,3996
AMS,CWL,International,6384
NBO,HRE,International,3027
AMS,LIN,International,10606
FCO,AMS,International,27462
CDG,MAN,International,10352
JFK,CLT,Domestic,2888
CDG,LIN,International,4698
AMS,DUB,International,13494
CDG,BIO,International,4800
EDL,NBO,Domestic,6864
FCO,TRN,Domestic,5438
AMS,MAN,International,17142
AMS,HAM,International,13066
NBO,ACC,International,5655
AMS,BLL,International,16650
CDG,CPH,International,15331
JNB,NBO,International,19198
NBO,ZNZ,International,7873
FRA,CDG,International,9496
SOU,AMS,International,4572
ABJ,DSS,International,1885
FCO,VCE,Domestic,9799
DCA,JFK,Domestic,1444
AMS,BIO,International,3982
CDG,OSL,International,5432
GLA,LHR,Domestic,1364
JFK,SYR,Domestic,1444
BGO,AMS,International,10230
FCO,CDG,International,27232
BGO,CDG,International,4588
AMS,ABZ,International,13446
CAN,NBO,International,3042
ACC,DSS,International,1305
DSS,ABJ,International,1885
CDG,ZRH,International,12113
JFK,IAD,Domestic,2888
AMS,BCN,International,20430
CDG,BUD,International,5757
ZAG,CDG,International,3100
STR,CDG,International,880
LHR,EDI,Domestic,5087
CAI,KRT,International,2880
MCO,JFK,Domestic,7258
CDG,HAM,International,3398
NBO,KGL,International,5813
CMH,JFK,Domestic,1444
PMO,FCO,Domestic,4610
MAD,CDG,International,15194
AMS,BLQ,International,11216
HAH,NBO,International,1491
VFA,CPT,International,1834
NBO,TNR,International,3942
BRI,CDG,International,1824
WAW,CDG,International,4206
AMS,PRG,International,12050
ZNZ,NBO,International,7873
FIH,NBO,International,3760
AMS,VLC,International,3900
MRU,PER,International,2592
CDG,LJU,International,3600
BHD,AMS,International,2350
NBO,LOS,International,5652
FCO,CTA,Domestic,5402
NBO,GOM,International,1404
AMS,GLA,International,6532
KIS,NBO,Domestic,19429
AMS,CTA,International,1312
CDG,BRI,International,1824
SVG,AMS,International,12756
EDI,CDG,International,6022
AMS,WAW,International,8910
JFK,BUF,Domestic,1444
CPT,VFA,International,1834
MRU,RUN,International,528
AMS,BSL,International,9814
GVA,AMS,International,12868
CDG,MUC,International,4501
CDG,FCO,International,26451
AMS,LUX,International,5974
FNA,ACC,International,2610
LHR,ABZ,Domestic,2204
BDS,FCO,Domestic,5258
CDG,PRG,International,5340
KIS,MBA,Domestic,780
LHR,MAN,Domestic,4448
LPI,AMS,International,6652
JFK,ROC,Domestic,1444
NBO,HAH,International,1491
JFK,MCO,Domestic,7258
CDG,ZAG,International,3100
IND,JFK,Domestic,1444
TRF,AMS,International,4952
MPL,AMS,International,3900
AMS,LIS,International,7642
JNB,CPT,Domestic,7452
ALG,CDG,International,7703
LUX,AMS,International,3224
NBO,AMS,International,5850
LHR,BHD,Domestic,3620
GVA,CDG,International,23172
CWL,AMS,International,5874
TLS,AMS,International,4662
MED,RUH,Domestic,900
MAD,AMS,International,9028
DZA,NBO,International,1681
CPH,CDG,International,14896
JFK,DCA,Domestic,2736
