id,Dep,Continent,TOTseats
AAL,AAL,Europe,7492
ABJ,ABJ,Africa,3770
ABZ,ABZ,Europe,18422
ACC,ACC,Africa,11600
ADD,ADD,Africa,3221
AES,AES,Europe,1702
AGP,AGP,Europe,4762
ALC,ALC,Europe,800
ALG,ALG,Africa,7703
AMS,AMS,Europe,755940
ANA,ANA,Africa,248
APL,APL,Africa,2976
ARN,ARN,Europe,28884
ASV,ASV,Africa,248
ATH,ATH,Europe,14746
BCN,BCN,Europe,22932
BDS,BDS,Europe,5258
BER,BER,Europe,13338
BGF,BGF,Africa,1875
BGO,BGO,Europe,14818
BHD,BHD,Europe,2350
BHX,BHX,Europe,22916
BIO,BIO,Europe,12268
BJM,BJM,Africa,3074
BLL,BLL,Europe,17888
BLQ,BLQ,Europe,22374
BOD,BOD,Europe,2772
BOM,BOM,Asia,8990
BOS,BOS,America,1444
BRE,BRE,Europe,4576
BRI,BRI,Europe,11892
BRS,BRS,Europe,6900
BRU,BRU,Europe,6920
BSL,BSL,Europe,9850
BUD,BUD,Europe,5832
BUF,BUF,America,1444
CAI,CAI,Africa,20986
CAN,CAN,Asia,3042
CDG,CDG,Europe,358876
CLT,CLT,America,2660
CMH,CMH,America,1444
CPH,CPH,Europe,36950
CPT,CPT,Africa,9005
CTA,CTA,Europe,10672
CWL,CWL,Europe,5874
DAR,DAR,Africa,15183
DCA,DCA,America,1444
DEN,DEN,America,2860
DFW,DFW,America,2163
DLA,DLA,Africa,2022
DSS,DSS,Africa,3190
DUB,DUB,Europe,21312
DUR,DUR,Africa,11730
DUS,DUS,Europe,19712
DXB,DXB,Middle East,20677
DZA,DZA,Africa,1681
EBB,EBB,Africa,12533
EDI,EDI,Europe,22108
EDL,EDL,Africa,7644
FBM,FBM,Africa,2545
FCO,FCO,Europe,124183
FIH,FIH,Africa,3760
FLR,FLR,Europe,22433
FNA,FNA,Africa,2610
FRA,FRA,Europe,19956
GLA,GLA,Europe,7896
GOA,GOA,Europe,12740
GOM,GOM,Africa,1404
GOT,GOT,Europe,16008
GRZ,GRZ,Europe,4400
GVA,GVA,Europe,36040
HAH,HAH,Africa,1491
HAJ,HAJ,Europe,2080
HAM,HAM,Europe,8358
HEL,HEL,Europe,13568
HKR,HKR,Africa,744
HRE,HRE,Africa,10955
HUY,HUY,Europe,6028
IAD,IAD,America,1748
IAH,IAH,America,327
IND,IND,America,1444
INV,INV,Europe,635
IST,IST,Europe,16869
JED,JED,Middle East,9082
JFK,JFK,America,65922
JNB,JNB,Africa,44150
JRO,JRO,Africa,9432
JUB,JUB,Africa,2976
KEU,KEU,Africa,992
KGL,KGL,Africa,5813
KIS,KIS,Africa,20209
KRS,KRS,Europe,3670
KRT,KRT,Africa,2880
KTJ,KTJ,Africa,496
LAU,LAU,Africa,2496
LBA,LBA,Europe,4864
LCY,LCY,Europe,10050
LGA,LGA,America,2943
LHR,LHR,Europe,75564
LIN,LIN,Europe,15378
LIS,LIS,Europe,17966
LJU,LJU,Europe,4000
LLW,LLW,Africa,3360
LOS,LOS,Africa,5652
LPI,LPI,Europe,6652
LUN,LUN,Africa,9689
LUX,LUX,Europe,3224
LVI,LVI,Africa,1924
LYS,LYS,Europe,14262
MAD,MAD,Europe,24222
MAN,MAN,Europe,10310
MBA,MBA,Africa,48043
MCO,MCO,America,7258
MED,MED,Middle East,900
MIA,MIA,America,3164
MME,MME,Europe,1936
MPL,MPL,Europe,3900
MRE,MRE,Africa,248
MRS,MRS,Europe,5660
MRU,MRU,Africa,7372
MUC,MUC,Europe,20592
MXP,MXP,Europe,9352
MYD,MYD,Africa,5382
NAP,NAP,Europe,6128
NBO,NBO,Africa,256436
NCE,NCE,Europe,8556
NCL,NCL,Europe,22229
NLA,NLA,Africa,2545
NUE,NUE,Europe,2400
NWI,NWI,Europe,6916
NYK,NYK,Africa,403
OLG,OLG,Africa,496
OLX,OLX,Africa,496
OPO,OPO,Europe,592
ORD,ORD,America,1444
ORF,ORF,America,1444
OSJ,OSJ,Africa,496
OSL,OSL,Europe,26110
OTP,OTP,Europe,7724
PER,PER,America,2592
PHX,PHX,America,3420
PMO,PMO,Europe,4610
PRG,PRG,Europe,12556
RDU,RDU,America,2562
REG,REG,Europe,4310
ROB,ROB,Africa,1885
ROC,ROC,America,1444
RUH,RUH,Middle East,22923
RUN,RUN,Africa,0
SEZ,SEZ,Africa,1873
SFO,SFO,America,4032
SOU,SOU,Europe,4572
STR,STR,Europe,5780
SUF,SUF,Europe,10726
SVG,SVG,Europe,12756
SYR,SYR,America,1444
TLS,TLS,Europe,4662
TLV,TLV,Middle East,6092
TNR,TNR,Africa,7278
TRD,TRD,Europe,6500
TRF,TRF,Europe,4952
TRN,TRN,Europe,11898
TRS,TRS,Europe,4800
TUN,TUN,Africa,1056
UAS,UAS,Africa,0
UKA,UKA,Africa,4914
VCE,VCE,Europe,32751
VFA,VFA,Africa,3668
VIE,VIE,Europe,22651
VLC,VLC,Europe,2350
WAW,WAW,Europe,9408
WIL,WIL,Africa,2201
YUL,YUL,America,1444
YYZ,YYZ,America,2888
ZAG,ZAG,Europe,3100
ZNZ,ZNZ,Africa,11723
ZRH,ZRH,Europe,33015
