DepAirportCode,ArrAirportCode,International_Domestic,GCD,POSTI_TOT,frequenza_tot
BIO,CDG,International,758,3964,40
ARN,AMS,International,1152,17830,117
JRO,NBO,International,233,5772,79
CDG,FRA,International,449,4452,48
HEL,AMS,International,1521,13568,102
ABZ,LHR,Domestic,647,1884,12
FCO,REG,Domestic,505,4310,31
BRS,AMS,International,521,6900,101
FCO,BDS,Domestic,492,5270,31
ABZ,AMS,International,702,16538,128
FCO,PMO,Domestic,409,9692,62
ACC,ROB,International,1127,1885,13
EBB,NBO,International,520,11669,119
DLA,NBO,International,3077,1011,9
HAJ,CDG,International,631,2080,22
LHR,NBO,International,6835,10296,44
EBB,BGF,International,1619,864,9
WIL,OLG,Domestic,214,248,31
CLT,JFK,Domestic,871,2660,35
AMS,GOT,International,763,11836,117
AMS,MME,International,475,1936,22
CDG,NBO,International,6490,7254,31
BGF,DLA,International,975,1011,9
CPH,AMS,International,632,22054,166
CDG,NCL,International,729,4900,49
FCO,LHR,International,1442,5262,31
ROC,JFK,Domestic,423,1444,19
WIL,UAS,Domestic,220,248,31
JFK,IND,Domestic,1065,2888,38
MBA,EDL,Domestic,687,1170,15
FRA,AMS,International,367,10460,108
NBO,KIS,Domestic,280,18805,222
NBO,LHR,International,6835,10530,45
OSL,AMS,International,958,15284,136
DEN,JFK,Domestic,2609,2860,16
AMS,SVG,International,731,13400,134
DXB,NBO,International,3557,8249,44
AMS,LYS,International,731,14340,105
CDG,GOT,International,1156,3100,31
JRO,ZNZ,Domestic,391,2170,31
HKR,KTJ,Domestic,16,248,31
NBO,JFK,International,11829,4446,19
FCO,TRS,Domestic,457,4637,31
BJM,NBO,International,872,3074,31
YUL,JFK,International,536,1444,19
CDG,ALG,International,1370,11023,62
CDG,MXP,International,597,9394,68
AMS,VIE,International,959,18330,117
NBO,MRU,International,3096,4348,33
GOT,AMS,International,763,12956,148
CAI,IST,International,1262,13476,92
CDG,DUB,International,784,3782,31
FCO,BRI,Domestic,383,5270,31
TRN,FCO,Domestic,528,5342,31
CDG,LIS,International,1468,16669,89
OLG,WIL,Domestic,214,248,31
CDG,STR,International,489,288,4
VCE,FCO,Domestic,410,10213,62
AMS,FLR,International,1057,9300,93
DUS,CDG,International,393,8756,95
DAR,JRO,Domestic,449,3660,57
NCL,LHR,Domestic,404,3809,24
RUH,DXB,International,872,9649,31
NBO,CPT,International,4096,1694,8
AMS,STR,International,510,12808,129
ACC,NBO,International,4186,5800,40
AMS,OTP,International,1783,11678,77
AMS,TLV,International,3310,5630,31
AMS,MPL,International,970,400,4
EDI,LHR,Domestic,533,1552,9
WIL,KEU,Domestic,174,248,31
JFK,YYZ,International,587,2888,38
CTA,FCO,Domestic,538,10672,62
LIS,CDG,International,1468,10970,62
ZNZ,DAR,Domestic,71,3850,55
DUS,AMS,International,179,10956,117
DAR,NBO,International,666,9843,101
AMS,NBO,International,6672,5850,25
JFK,NBO,International,11829,4446,19
MRS,CDG,Domestic,650,5660,31
BCN,CDG,International,858,7040,35
GRZ,AMS,International,967,4400,50
NBO,BJM,International,872,3074,31
HAM,CDG,International,727,2254,18
CDG,TRN,International,571,3052,31
MRU,NBO,International,3096,4252,32
CDG,DUS,International,393,7396,81
CDG,EDI,International,867,5500,40
CDG,OPO,International,1228,592,4
JNB,HRE,International,958,4691,31
CDG,BGO,International,1265,3704,31
KEU,KTJ,Domestic,45,248,31
HKR,MRE,Domestic,32,248,31
NBO,DXB,International,3557,8338,44
AMS,ARN,International,1152,18152,163
ZRH,AMS,International,602,16238,117
NBO,VFA,International,2221,1834,14
AES,AMS,International,1141,1702,31
IAH,LGA,Domestic,2274,327,3
CDG,NUE,International,620,2544,27
OTP,AMS,International,1783,3492,27
AMS,CPH,International,632,23006,163
LBA,AMS,International,460,4864,74
LIS,AMS,International,1844,6996,48
VCE,CDG,International,835,13116,87
NCL,AMS,International,520,13620,102
MXP,AMS,International,797,2916,54
JFK,DEN,Domestic,2609,5980,37
MUC,AMS,International,663,10894,81
LAU,MBA,Domestic,245,78,1
AMS,LPI,International,958,5690,76
BSL,AMS,International,558,9850,108
NBO,LUN,International,1811,4389,35
IST,AMS,International,2182,3242,25
NBO,JUB,International,904,2976,31
AMS,MXP,International,797,3460,54
AMS,ATH,International,2179,9352,50
NWI,AMS,International,238,6916,76
AMS,TRF,International,837,4426,58
AMS,GRZ,International,967,2200,25
CDG,OTP,International,1851,4770,31
MAN,AMS,International,484,10310,110
JUB,NBO,International,904,2976,31
MIA,JFK,Domestic,1756,3164,19
CAI,NBO,International,3541,4630,31
ADD,NBO,International,1160,3221,31
AMS,VCE,International,937,12318,91
KGL,NBO,International,756,5813,58
AMS,ALC,International,1613,800,8
TRN,CDG,International,571,2628,32
DUB,AMS,International,748,11676,103
AMS,NCE,International,977,10522,80
JFK,DFW,Domestic,2234,2238,19
ORF,JFK,Domestic,467,1444,19
APL,NBO,International,1553,2976,31
ATH,CDG,International,2107,5394,31
LVI,CPT,International,1931,962,9
LHR,AMS,International,367,19640,154
TNR,NBO,International,2255,3846,37
STR,AMS,International,510,4900,49
NBO,EDL,Domestic,267,6864,88
AMS,FRA,International,367,13456,135
AMS,TRN,International,816,4192,55
BLQ,CDG,International,830,11446,77
NUE,CDG,International,620,2400,24
HAM,AMS,International,378,6104,62
PRG,AMS,International,703,7162,54
CDG,BCN,International,858,4160,27
UKA,NBO,Domestic,441,4914,63
KTJ,HKR,Domestic,16,248,31
ROB,ACC,International,1127,1885,13
NBO,JNB,International,2910,19198,103
CDG,BSL,International,399,4388,45
REG,FCO,Domestic,505,4310,31
LJU,CDG,International,943,4000,40
AMS,MAD,International,1456,17630,135
MYD,NBO,Domestic,410,5382,69
FLR,CDG,International,879,12183,93
VLC,AMS,International,1479,2350,25
OSJ,OLG,Domestic,56,248,31
VFA,NBO,International,2221,1834,14
CDG,WAW,International,1342,7886,62
LLW,NBO,International,1427,384,4
AMS,BOD,International,922,8082,78
VIE,AMS,International,959,18204,118
LOS,NBO,International,3829,5652,31
NBO,BOM,International,4530,8990,62
ANA,OSJ,Domestic,47,248,31
NBO,CAN,International,8673,3042,13
AMS,LCY,International,333,12100,148
AMS,BRS,International,521,6742,78
JFK,SFO,Domestic,4150,5712,34
NBO,JRO,International,233,5772,79
NBO,ABJ,International,4590,1885,13
NLA,NBO,International,1590,1201,12
CPT,JNB,Domestic,1268,4419,28
ASV,WIL,Domestic,154,248,31
CDG,BHX,International,486,7478,62
BOM,NBO,International,4530,8990,62
AMS,CDG,International,398,27676,171
LUN,JNB,International,1202,3425,25
TLV,AMS,International,3310,6092,31
AMS,TRD,International,1289,3854,55
SYR,JFK,Domestic,335,1444,19
DXB,MBA,International,3669,2610,18
CDG,HAJ,International,631,2788,31
AMS,BHX,International,439,14710,112
AMS,IST,International,2182,3882,25
RUH,JED,Domestic,850,12389,48
NBO,UKA,Domestic,441,4914,63
AMS,AGP,International,1881,6518,35
AMS,AAL,International,623,9922,102
HUY,AMS,International,369,6028,72
GOM,NBO,International,853,1404,18
OSJ,ANA,Domestic,47,248,31
BRI,FCO,Domestic,383,10068,62
AMS,NCL,International,520,12982,101
ATH,AMS,International,2179,9352,50
BGF,EBB,International,1619,864,9
CDG,MAD,International,1061,11151,58
BLL,AMS,International,476,13088,138
AMS,MUC,International,663,14610,108
JFK,CMH,Domestic,774,2888,38
AMS,LHR,International,367,27584,196
JFK,MIA,Domestic,1756,6328,38
CDG,MRS,Domestic,650,5500,31
TNR,RUN,International,871,3432,26
NBO,LLW,International,1427,3360,35
OTP,CDG,International,1851,4232,26
BHX,CDG,International,486,7478,62
CDG,ARN,International,1539,11768,66
NBO,EBB,International,520,11669,119
TRD,AMS,International,1289,6500,82
AMS,BGO,International,887,12738,116
RDU,JFK,Domestic,686,2562,32
CDG,BLL,International,871,3500,35
DFW,JFK,Domestic,2234,2163,19
JED,NBO,International,2565,298,1
NLA,FBM,International,185,1344,14
LHR,NCL,Domestic,404,2989,21
PRG,CDG,International,851,5394,31
CDG,BLQ,International,830,11808,77
MUC,CDG,International,681,9698,65
OPO,CDG,International,1228,592,4
TRN,AMS,International,816,3928,55
YYZ,JFK,International,587,2888,38
NBO,DAR,International,666,10467,114
NBO,ADD,International,1160,3221,31
INV,LHR,Domestic,711,635,4
NBO,FIH,International,2408,3760,31
ABJ,NBO,International,4590,1885,13
AMS,OSL,International,958,15948,163
VCE,AMS,International,937,9422,91
BCN,AMS,International,1241,15892,114
BHX,AMS,International,439,15438,108
AGP,AMS,International,1881,4762,31
AMS,BHD,International,747,2350,24
WAW,AMS,International,1101,5202,55
KEU,OLX,Domestic,26,248,31
PER,MRU,International,5884,2592,9
AMS,TLS,International,995,4912,52
BLL,CDG,International,871,4800,48
AMS,EDI,International,665,11042,81
CPT,LVI,International,1931,962,9
AMS,GVA,International,681,17232,136
DUB,CDG,International,784,9636,62
FCO,SUF,Domestic,467,5270,31
GOA,FCO,Domestic,399,10540,62
OLX,KEU,Domestic,26,248,31
BER,AMS,International,594,11582,62
NAP,CDG,International,1287,6128,35
KEU,WIL,Domestic,174,248,31
FLR,AMS,International,1057,10250,104
LIN,AMS,International,830,11382,80
LHR,FCO,International,1442,5268,31
AMS,SOU,International,446,4572,51
MBA,NBO,Domestic,420,44263,472
AMS,NWI,International,238,7356,81
KRT,CAI,International,1619,2880,16
LUN,HRE,International,402,3141,22
NBO,SEZ,International,2097,1873,19
OLX,WIL,Domestic,188,248,31
KEU,HKR,Domestic,51,248,31
LVI,NBO,International,2197,962,9
SUF,FCO,Domestic,467,10726,62
HRE,LUN,International,402,1875,18
JFK,ORD,Domestic,1188,2888,38
AMS,LBA,International,460,6208,71
AMS,ZRH,International,602,17734,137
NBO,DLA,International,3077,1011,9
HRE,NBO,International,1951,4389,35
ZRH,CDG,International,475,16777,119
JNB,LUN,International,1202,3425,25
DXB,JED,International,1696,9818,51
WIL,ASV,Domestic,154,403,31
JNB,DUR,Domestic,476,9384,68
IST,CAI,International,1262,13627,93
CDG,AMS,International,398,31822,206
OSL,CDG,International,1357,10826,62
LCY,AMS,International,333,10050,109
DLA,BGF,International,975,1011,9
JFK,BOS,Domestic,298,1444,19
BOD,AMS,International,922,2772,21
NCL,CDG,International,729,4800,48
TRS,FCO,Domestic,457,4800,31
CDG,VCE,International,835,9510,56
BUD,CDG,International,1247,5832,35
JFK,YUL,International,536,2888,38
NBO,CAI,International,3541,4764,31
NBO,NLA,International,1590,1344,14
CDG,FLR,International,879,8208,63
AMS,BRE,International,283,6812,77
BLQ,AMS,International,988,10928,110
MME,AMS,International,475,1936,22
LLW,APL,International,608,2976,31
LHR,CDG,International,346,22012,139
MRE,HKR,Domestic,32,248,31
BRE,AMS,International,283,4576,52
CDG,NAP,International,1287,5842,35
EDI,AMS,International,665,14534,111
PHX,JFK,Domestic,3455,3420,19
AMS,BRU,International,156,11728,114
LGA,IAH,Domestic,2274,2943,27
AMS,FCO,International,1296,30766,197
KRS,AMS,International,687,3670,52
BIO,AMS,International,1149,8304,79
ACC,FNA,International,1473,2610,18
NBO,DZA,International,1572,1681,17
LUN,NBO,International,1811,3123,31
NBO,CDG,International,6490,7254,31
NBO,MBA,Domestic,420,41767,440
MXP,CDG,International,597,6436,45
JFK,PHX,Domestic,3455,900,5
VIE,CDG,International,1035,4447,27
NBO,LAU,Domestic,454,2496,32
BER,CDG,International,856,1756,11
AMS,KRS,International,687,3090,58
CDG,LHR,International,346,13772,87
GOT,CDG,International,1156,3052,31
NBO,FBM,International,1540,1201,12
SEZ,NBO,International,2097,1873,19
NBO,LVI,International,2197,962,9
LYS,AMS,International,731,14262,106
RUH,MED,Domestic,705,885,5
DUR,JNB,Domestic,476,11730,85
FBM,NLA,International,185,1201,12
JED,DXB,International,1696,8784,61
BOS,JFK,Domestic,298,1444,19
GLA,AMS,International,716,6532,57
NBO,MYD,Domestic,410,7800,100
ARN,CDG,International,1539,11054,62
AMS,BER,International,594,14636,88
NCE,AMS,International,977,8556,55
CDG,TUN,International,1485,696,4
AMS,DUS,International,179,11328,117
AMS,HEL,International,1521,13378,74
JFK,ORF,Domestic,467,1444,19
CPT,NBO,International,4096,1790,9
HRE,JNB,International,958,4691,31
DAR,ZNZ,Domestic,71,1680,24
JFK,RDU,Domestic,686,2888,38
LAU,NBO,Domestic,454,2418,31
SFO,JFK,Domestic,4150,4032,24
DSS,ACC,International,2103,1305,9
ALC,AMS,International,1613,800,8
FCO,GOA,Domestic,399,9139,62
BUF,JFK,Domestic,483,1444,19
CDG,VIE,International,1035,4784,27
TUN,CDG,International,1485,1056,6
JRO,DAR,Domestic,449,1490,26
AMS,HUY,International,369,2186,27
IAD,JFK,Domestic,365,1748,23
FBM,NBO,International,1540,1344,14
ORD,JFK,Domestic,1188,1444,19
CDG,GVA,International,407,18698,124
MBA,DXB,International,3669,2610,18
GOA,AMS,International,927,2200,25
EDL,KIS,Domestic,77,780,10
BRU,AMS,International,156,6920,89
AAL,AMS,International,623,7492,80
LIN,CDG,International,644,3996,27
AMS,CWL,International,563,6384,75
NBO,HRE,International,1951,3027,30
AMS,LIN,International,830,10606,88
FCO,AMS,International,1296,27462,168
CDG,MAN,International,587,10352,80
JFK,CLT,Domestic,871,2888,38
CDG,LIN,International,644,4698,27
AMS,DUB,International,748,13494,129
CDG,BIO,International,758,4800,48
EDL,NBO,Domestic,267,6864,88
FCO,TRN,Domestic,528,5438,31
AMS,MAN,International,484,17142,162
AMS,HAM,International,378,13066,112
NBO,ACC,International,4186,5655,39
AMS,BLL,International,476,16650,138
CDG,CPH,International,1004,15331,93
JNB,NBO,International,2910,19198,103
NBO,ZNZ,International,600,7873,88
FRA,CDG,International,449,9496,98
SOU,AMS,International,446,4572,51
KTJ,KEU,Domestic,45,248,31
ABJ,DSS,International,1777,1885,13
FCO,VCE,Domestic,410,9799,62
DCA,JFK,Domestic,341,1444,19
AMS,BIO,International,1149,3982,54
CDG,OSL,International,1357,5432,31
GLA,LHR,Domestic,554,1364,9
JFK,SYR,Domestic,335,1444,19
BGO,AMS,International,887,10230,85
FCO,CDG,International,1099,27232,155
BGO,CDG,International,1265,4588,31
AMS,ABZ,International,702,13446,128
CAN,NBO,International,8673,3042,13
ACC,DSS,International,2103,1305,9
DSS,ABJ,International,1777,1885,13
CDG,ZRH,International,475,12113,88
JFK,IAD,Domestic,365,2888,38
AMS,BCN,International,1241,20430,147
CDG,BUD,International,1247,5757,35
ZAG,CDG,International,1078,3100,31
STR,CDG,International,489,880,12
LHR,EDI,Domestic,533,5087,31
CAI,KRT,International,1619,2880,16
MCO,JFK,Domestic,1521,7258,38
CDG,HAM,International,727,3398,26
NBO,KGL,International,756,5813,58
CMH,JFK,Domestic,774,1444,19
PMO,FCO,Domestic,409,4610,31
MAD,CDG,International,1061,15194,93
AMS,BLQ,International,988,11216,110
HAH,NBO,International,1333,1491,14
VFA,CPT,International,1904,1834,14
NBO,TNR,International,2255,3942,38
BRI,CDG,International,1413,1824,17
WAW,CDG,International,1342,4206,30
AMS,PRG,International,703,12050,108
ZNZ,NBO,International,600,7873,88
FIH,NBO,International,2408,3760,31
AMS,VLC,International,1479,3900,52
MRU,PER,International,5884,2592,9
CDG,LJU,International,943,3600,36
BHD,AMS,International,747,2350,24
NBO,LOS,International,3829,5652,31
FCO,CTA,Domestic,538,5402,31
NBO,GOM,International,853,1404,18
AMS,GLA,International,716,6532,57
HKR,KEU,Domestic,51,248,31
KIS,NBO,Domestic,280,19429,230
AMS,CTA,International,1833,1312,8
CDG,BRI,International,1413,1824,17
SVG,AMS,International,731,12756,134
EDI,CDG,International,867,6022,44
OLG,OSJ,Domestic,56,248,31
AMS,WAW,International,1101,8910,81
JFK,BUF,Domestic,483,1444,19
CPT,VFA,International,1904,1834,14
MRU,RUN,International,232,528,4
AMS,BSL,International,558,9814,108
GVA,AMS,International,681,12868,106
CDG,MUC,International,681,4501,30
CDG,FCO,International,1099,26451,153
AMS,LUX,International,314,5974,78
FNA,ACC,International,1473,2610,18
LHR,ABZ,Domestic,647,2204,13
BDS,FCO,Domestic,492,5258,31
CDG,PRG,International,851,5340,31
KIS,MBA,Domestic,694,780,10
LHR,MAN,Domestic,241,4448,27
LPI,AMS,International,958,6652,78
JFK,ROC,Domestic,423,1444,19
NBO,HAH,International,1333,1491,14
JFK,MCO,Domestic,1521,7258,38
CDG,ZAG,International,1078,3100,31
IND,JFK,Domestic,1065,1444,19
TRF,AMS,International,837,4952,58
MPL,AMS,International,970,3900,30
AMS,LIS,International,1844,7642,49
JNB,CPT,Domestic,1268,7452,54
ALG,CDG,International,1370,7703,44
LUX,AMS,International,314,3224,47
NBO,AMS,International,6672,5850,25
LHR,BHD,Domestic,502,3620,22
GVA,CDG,International,407,23172,155
CWL,AMS,International,563,5874,74
TLS,AMS,International,995,4662,52
MED,RUH,Domestic,705,900,5
NYK,WIL,Domestic,150,403,31
WIL,OLX,Domestic,188,248,31
MAD,AMS,International,1456,9028,74
DZA,NBO,International,1572,1681,17
CPH,CDG,International,1004,14896,91
JFK,DCA,Domestic,341,2736,36
WIL,NYK,Domestic,150,806,62
