id,Dep,Dep Region Name,TOT_seats
BIO,BIO,Europe : Western Europe,12268
ARN,ARN,Europe : Western Europe,28884
JRO,JRO,Africa : Eastern Africa,9432
CDG,CDG,Europe : Western Europe,358876
HEL,HEL,Europe : Western Europe,13568
ABZ,ABZ,Europe : Western Europe,18422
FCO,FCO,Europe : Western Europe,124183
BRS,BRS,Europe : Western Europe,6900
ACC,ACC,Africa : Central/Western Africa,11600
EBB,EBB,Africa : Eastern Africa,12533
DLA,DLA,Africa : Central/Western Africa,2022
HAJ,HAJ,Europe : Western Europe,2080
LHR,LHR,Europe : Western Europe,75564
CLT,CLT,North America,2660
AMS,AMS,Europe : Western Europe,755940
BGF,BGF,Africa : Central/Western Africa,1875
CPH,CPH,Europe : Western Europe,36950
ROC,ROC,North America,1444
JFK,JFK,North America,65922
MBA,MBA,Africa : Eastern Africa,48043
FRA,FRA,Europe : Western Europe,19956
NBO,NBO,Africa : Eastern Africa,256436
OSL,OSL,Europe : Western Europe,26110
DEN,DEN,North America,2860
DXB,DXB,Middle East,20677
BJM,BJM,Africa : Eastern Africa,3074
YUL,YUL,North America,1444
GOT,GOT,Europe : Western Europe,16008
CAI,CAI,Africa : North Africa,20986
TRN,TRN,Europe : Western Europe,11898
VCE,VCE,Europe : Western Europe,32751
DUS,DUS,Europe : Western Europe,19712
DAR,DAR,Africa : Eastern Africa,15183
NCL,NCL,Europe : Western Europe,22229
RUH,RUH,Middle East,22923
EDI,EDI,Europe : Western Europe,22108
CTA,CTA,Europe : Western Europe,10672
LIS,LIS,Europe : Western Europe,17966
ZNZ,ZNZ,Africa : Eastern Africa,11723
MRS,MRS,Europe : Western Europe,5660
BCN,BCN,Europe : Western Europe,22932
GRZ,GRZ,Europe : Western Europe,4400
HAM,HAM,Europe : Western Europe,8358
MRU,MRU,Africa : Eastern Africa,7372
JNB,JNB,Africa : Southern Africa,44150
ZRH,ZRH,Europe : Western Europe,33015
AES,AES,Europe : Western Europe,1702
OTP,OTP,Europe : Eastern/Central Europe,7724
LBA,LBA,Europe : Western Europe,4864
MXP,MXP,Europe : Western Europe,9352
MUC,MUC,Europe : Western Europe,20592
LAU,LAU,Africa : Eastern Africa,2496
BSL,BSL,Europe : Western Europe,9850
IST,IST,Europe : Western Europe,16869
NWI,NWI,Europe : Western Europe,6916
MAN,MAN,Europe : Western Europe,10310
JUB,JUB,Africa : Eastern Africa,2976
MIA,MIA,North America,3164
ADD,ADD,Africa : Eastern Africa,3221
KGL,KGL,Africa : Eastern Africa,5813
DUB,DUB,Europe : Western Europe,21312
ORF,ORF,North America,1444
APL,APL,Africa : Southern Africa,2976
ATH,ATH,Europe : Western Europe,14746
LVI,LVI,Africa : Southern Africa,1924
TNR,TNR,Africa : Eastern Africa,7278
STR,STR,Europe : Western Europe,5780
BLQ,BLQ,Europe : Western Europe,22374
NUE,NUE,Europe : Western Europe,2400
PRG,PRG,Europe : Eastern/Central Europe,12556
UKA,UKA,Africa : Eastern Africa,4914
ROB,ROB,Africa : Central/Western Africa,1885
REG,REG,Europe : Western Europe,4310
LJU,LJU,Europe : Eastern/Central Europe,4000
MYD,MYD,Africa : Eastern Africa,5382
FLR,FLR,Europe : Western Europe,22433
VLC,VLC,Europe : Western Europe,2350
VFA,VFA,Africa : Southern Africa,3668
LLW,LLW,Africa : Southern Africa,3360
VIE,VIE,Europe : Western Europe,22651
LOS,LOS,Africa : Central/Western Africa,5652
NLA,NLA,Africa : Southern Africa,2545
CPT,CPT,Africa : Southern Africa,9005
BOM,BOM,Asia : South Asia,8990
LUN,LUN,Africa : Southern Africa,9689
TLV,TLV,Middle East,6092
SYR,SYR,North America,1444
HUY,HUY,Europe : Western Europe,6028
GOM,GOM,Africa : Central/Western Africa,1404
BRI,BRI,Europe : Western Europe,11892
BLL,BLL,Europe : Western Europe,17888
BHX,BHX,Europe : Western Europe,22916
TRD,TRD,Europe : Western Europe,6500
RDU,RDU,North America,2562
DFW,DFW,North America,2163
JED,JED,Middle East,9082
OPO,OPO,Europe : Western Europe,592
YYZ,YYZ,North America,2888
INV,INV,Europe : Western Europe,635
ABJ,ABJ,Africa : Central/Western Africa,3770
AGP,AGP,Europe : Western Europe,4762
WAW,WAW,Europe : Eastern/Central Europe,9408
PER,PER,Southwest Pacific,2592
GOA,GOA,Europe : Western Europe,12740
BER,BER,Europe : Western Europe,13338
NAP,NAP,Europe : Western Europe,6128
LIN,LIN,Europe : Western Europe,15378
KRT,KRT,Africa : North Africa,2880
SUF,SUF,Europe : Western Europe,10726
HRE,HRE,Africa : Southern Africa,10955
LCY,LCY,Europe : Western Europe,10050
BOD,BOD,Europe : Western Europe,2772
TRS,TRS,Europe : Western Europe,4800
BUD,BUD,Europe : Eastern/Central Europe,5832
MME,MME,Europe : Western Europe,1936
BRE,BRE,Europe : Western Europe,4576
PHX,PHX,North America,3420
KRS,KRS,Europe : Western Europe,3670
SEZ,SEZ,Africa : Eastern Africa,1873
LYS,LYS,Europe : Western Europe,14262
DUR,DUR,Africa : Southern Africa,11730
FBM,FBM,Africa : Central/Western Africa,2545
BOS,BOS,North America,1444
GLA,GLA,Europe : Western Europe,7896
NCE,NCE,Europe : Western Europe,8556
SFO,SFO,North America,4032
DSS,DSS,Africa : Central/Western Africa,3190
ALC,ALC,Europe : Western Europe,800
BUF,BUF,North America,1444
TUN,TUN,Africa : North Africa,1056
IAD,IAD,North America,1748
ORD,ORD,North America,1444
EDL,EDL,Africa : Eastern Africa,7644
BRU,BRU,Europe : Western Europe,6920
AAL,AAL,Europe : Western Europe,7492
SOU,SOU,Europe : Western Europe,4572
DCA,DCA,North America,1444
BGO,BGO,Europe : Western Europe,14818
CAN,CAN,Asia : North East Asia,3042
ZAG,ZAG,Europe : Eastern/Central Europe,3100
MCO,MCO,North America,7258
CMH,CMH,North America,1444
PMO,PMO,Europe : Western Europe,4610
MAD,MAD,Europe : Western Europe,24222
HAH,HAH,Africa : Eastern Africa,1491
FIH,FIH,Africa : Central/Western Africa,3760
BHD,BHD,Europe : Western Europe,2350
KIS,KIS,Africa : Eastern Africa,20209
SVG,SVG,Europe : Western Europe,12756
GVA,GVA,Europe : Western Europe,36040
FNA,FNA,Africa : Central/Western Africa,2610
BDS,BDS,Europe : Western Europe,5258
LPI,LPI,Europe : Western Europe,6652
IND,IND,North America,1444
TRF,TRF,Europe : Western Europe,4952
MPL,MPL,Europe : Western Europe,3900
ALG,ALG,Africa : North Africa,7703
LUX,LUX,Europe : Western Europe,3224
CWL,CWL,Europe : Western Europe,5874
TLS,TLS,Europe : Western Europe,4662
MED,MED,Middle East,900
DZA,DZA,Africa : Central/Western Africa,1681
RUN,RUN,Africa,0
