id,Dep,Continent,TOTseats
ADD,ADD,Africa,7327
LLW,LLW,Africa,4032
AMS,AMS,Europe,690881
MRU,MRU,Africa,6348
AUH,AUH,Middle East,124188
KGL,KGL,Africa,14970
EBB,EBB,Africa,33344
VFA,VFA,Africa,2634
LYS,LYS,Europe,24406
TLS,TLS,Europe,15388
CDG,CDG,Europe,435915
JUB,JUB,Africa,2976
VIE,VIE,Europe,23300
NBO,NBO,Africa,314798
ABJ,ABJ,Africa,4640
CAI,CAI,Africa,12816
ZNZ,ZNZ,Africa,13968
LHE,LHE,Asia,5902
CTA,CTA,Europe,1312
EDL,EDL,Africa,6942
UKA,UKA,Africa,3510
SGN,SGN,Asia,15934
MPM,MPM,Africa,2773
HUY,HUY,Europe,2288
DLA,DLA,Africa,4032
JIB,JIB,Africa,1056
MBA,MBA,Africa,38455
MWZ,MWZ,Africa,2170
KRT,KRT,Africa,6480
LHR,LHR,Europe,39228
BKO,BKO,Africa,3016
NLA,NLA,Africa,3530
BJM,BJM,Africa,4986
WDH,WDH,Africa,11948
JFK,JFK,America,23545
SVG,SVG,Europe,9156
HAN,HAN,Asia,18052
DAR,DAR,Africa,28048
BOM,BOM,Asia,9613
BHD,BHD,Europe,2728
SEZ,SEZ,Africa,3305
DUS,DUS,Europe,14056
BCN,BCN,Europe,28954
GRJ,GRJ,Africa,19278
ALG,ALG,Africa,5377
DUB,DUB,Europe,21579
AGP,AGP,Europe,1136
KUL,KUL,Asia,15263
PVG,PVG,Asia,7130
BSL,BSL,Europe,14600
NTE,NTE,Europe,9627
ATH,ATH,Europe,14632
ZRH,ZRH,Europe,20710
GVA,GVA,Europe,24899
HAH,HAH,Africa,3319
JRO,JRO,Africa,15578
CGK,CGK,Asia,5022
MAD,MAD,Europe,28870
MUC,MUC,Europe,29038
BRU,BRU,Europe,13750
MAN,MAN,Europe,10230
LBA,LBA,Europe,5728
ORD,ORD,America,1540
CFE,CFE,Europe,4732
AES,AES,Europe,2776
FNA,FNA,Africa,4495
JNB,JNB,Africa,103127
MGQ,MGQ,Africa,1550
COO,COO,Africa,1152
MXP,MXP,Europe,23121
LAD,LAD,Africa,1248
ACC,ACC,Africa,8990
OSL,OSL,Europe,17436
FRA,FRA,Europe,13018
BIO,BIO,Europe,8127
HRE,HRE,Africa,9547
LVI,LVI,Africa,3264
BOD,BOD,Europe,15966
ELS,ELS,Africa,10962
BLZ,BLZ,Africa,546
CPH,CPH,Europe,24085
LIN,LIN,Europe,4402
MCT,MCT,Middle East,4080
FBM,FBM,Africa,3530
BLL,BLL,Europe,17648
PUF,PUF,Europe,5469
BRE,BRE,Europe,2728
POL,POL,Africa,1889
RNS,RNS,Europe,2356
BES,BES,Europe,4061
MRS,MRS,Europe,11275
CLT,CLT,America,1140
BRS,BRS,Europe,9200
ARN,ARN,Europe,31572
CAN,CAN,Asia,56219
KHI,KHI,Asia,4080
DEN,DEN,America,1760
LBV,LBV,Africa,2112
MEL,MEL,America,25326
DSS,DSS,Africa,3828
AAL,AAL,Europe,6100
PER,PER,America,6083
PHX,PHX,America,1980
NCE,NCE,Europe,12930
SVO,SVO,Europe,16468
WAW,WAW,Europe,13931
GOA,GOA,Europe,2640
KIS,KIS,Africa,19494
CPT,CPT,Africa,32845
GLA,GLA,Europe,11594
BZV,BZV,Africa,2496
TUN,TUN,Africa,4433
FIH,FIH,Africa,5261
BNE,BNE,America,8970
NSI,NSI,Africa,2112
APL,APL,Africa,1728
BLQ,BLQ,Europe,21868
ROB,ROB,Africa,4495
FCO,FCO,Europe,41300
TXL,TXL,Europe,32144
BKK,BKK,Asia,81165
MYD,MYD,Africa,3510
ICN,ICN,Asia,10478
AMM,AMM,Middle East,13050
MCO,MCO,America,4011
BGO,BGO,Europe,11532
BGF,BGF,Africa,4608
ABZ,ABZ,Europe,19492
DXB,DXB,Middle East,24897
MPL,MPL,Europe,5918
EDI,EDI,Europe,19179
LOS,LOS,Africa,6351
CWL,CWL,Europe,5224
MIA,MIA,America,4202
TNR,TNR,Africa,6129
RUH,RUH,Middle East,5640
TRF,TRF,Europe,5600
HKG,HKG,Asia,22955
BHX,BHX,Europe,18132
TRN,TRN,Europe,5456
DUR,DUR,Africa,23625
GRZ,GRZ,Europe,2728
GOT,GOT,Europe,15582
IST,IST,Europe,5915
DZA,DZA,Africa,1756
VCE,VCE,Europe,24859
NCL,NCL,Europe,18030
HEL,HEL,Europe,20068
YYZ,YYZ,America,1596
MME,MME,Europe,2640
LUN,LUN,Africa,9258
LCY,LCY,Europe,7900
FLR,FLR,Europe,9300
LPI,LPI,Europe,8176
JED,JED,Middle East,27690
DMM,DMM,Middle East,12240
SYD,SYD,America,30450
KWI,KWI,Middle East,8160
BIQ,BIQ,Europe,6200
BAH,BAH,Middle East,12396
LED,LED,Europe,9810
WJR,WJR,Africa,600
TRD,TRD,Europe,8656
RDU,RDU,America,1672
CMH,CMH,America,69
TLV,TLV,Middle East,5828
NWI,NWI,Europe,0
KRS,KRS,Europe,0
